,accuracy_at_k,mrr
Logistic Regression,0.6417910447761194,0.6343283582089553
SVM,0.6417910447761194,0.6343283582089553
Indo-BERT,0.7014925373134329,0.5756218905472638
